url,type,lastmod
https://www.anergyacademy.com/,PAGE,2026-01-19T07:51:21+00:00
https://www.anergyacademy.com/about/,PAGE,2026-02-02T09:09:05+00:00
https://www.anergyacademy.com/courses/amazon/amazon-data-analytics/,PAGE,2026-01-03T02:32:37+00:00
https://www.anergyacademy.com/courses/amazon/ai-selling/,PAGE,2026-01-03T02:32:06+00:00
https://www.anergyacademy.com/courses/amazon/,PAGE,2026-01-03T02:31:32+00:00
https://www.anergyacademy.com/courses/amazon/amazon-data-analytics/amazon-data-studio-for-catalog-analysis-using-h10/,PAGE,2026-01-03T02:31:08+00:00
https://www.anergyacademy.com/courses/amazon/amazon-affiliate-lab/,PAGE,2026-01-03T02:28:19+00:00
https://www.anergyacademy.com/courses/amazon/amazon-affiliate-template/,PAGE,2026-01-03T02:27:34+00:00
https://www.anergyacademy.com/master-class/,PAGE,2026-01-01T08:26:59+00:00
https://www.anergyacademy.com/courses/,PAGE,2026-01-01T08:25:50+00:00
https://www.anergyacademy.com/zh-cn/ai-leadgen-n8n-deepseek/,PAGE,2025-12-18T13:51:27+00:00
https://www.anergyacademy.com/zh-cn/industry-insights/,PAGE,2025-12-18T11:08:22+00:00
https://www.anergyacademy.com/zh/insights/,PAGE,2025-12-18T11:07:33+00:00
https://www.anergyacademy.com/zh/home-%e4%b8%ad%e6%96%87-%e9%a6%99%e6%b8%af/,PAGE,2025-12-18T08:09:11+00:00
https://www.anergyacademy.com/zh-cn/home-%e4%b8%ad%e6%96%87-%e4%b8%ad%e5%9b%bd/,PAGE,2025-12-18T08:09:11+00:00
https://www.anergyacademy.com/instructor-profile/,PAGE,2025-12-18T07:25:48+00:00
https://www.anergyacademy.com/blog/amazon-haul-bazaar-guide/,BLOG,2025-12-10T13:23:15+00:00
https://www.anergyacademy.com/blog/how-to-steal-competitor-traffic/,BLOG,2025-12-10T13:14:02+00:00
https://www.anergyacademy.com/gemini-3-pro-preview-overview/,PAGE,2025-11-20T10:03:25+00:00
https://www.anergyacademy.com/anergyos-design-pages/,PAGE,2025-11-20T08:48:28+00:00
https://www.anergyacademy.com/macos-landing-page/,PAGE,2025-11-20T02:51:37+00:00
https://www.anergyacademy.com/roi-calculator/,PAGE,2025-11-19T02:20:18+00:00
https://www.anergyacademy.com/contact/,PAGE,2025-10-23T06:39:45+00:00
https://www.anergyacademy.com/shopify/collection-grid-carousel/,PAGE,2025-10-23T06:30:35+00:00
https://www.anergyacademy.com/shopify/,PAGE,2025-10-23T06:25:50+00:00
https://www.anergyacademy.com/support/,PAGE,2025-10-23T06:12:23+00:00
https://www.anergyacademy.com/privacy-policy/,PAGE,2025-10-23T06:06:25+00:00
